thisN,thisTrialN,thisRepN,key_resp.keys,key_resp.corr,key_resp.rt,key_resp.duration,tilt,trials.thisRepN,trials.thisTrialN,trials.thisN,trials.thisIndex,thisRow.t,notes,trial.started,fixation.started,fixation.stopped,key_resp.started,trial.stopped,trials.key_resp.keys,trials.key_resp.corr,trials.key_resp.rt,trials.key_resp.duration,trials.tilt,participant,session,date,expName,expVersion,psychopyVersion,frameRate,expStart
0,0,0,up,1,0.7072592,None,0,0,0,0,0,0.0047389,,0.0026675,0.0047389,0.5103213,0.5103213,1.2301981,up,1,0.7072592,None,0,297897,1,2025-09-10_21h45.41.966,Signal Detection,,2025.1.1,60.00200407,2025-09-10 21h45.42.960953 +0530
1,0,1,up,1,0.730542,None,0,1,0,1,0,1.2435432,,1.2303248,1.2435432,1.7435927,1.7435927,2.477121,up,1,0.730542,None,0,297897,1,2025-09-10_21h45.41.966,Signal Detection,,2025.1.1,60.00200407,2025-09-10 21h45.42.960953 +0530
2,0,2,down,1,0.7026602,None,-3,2,0,2,0,2.4935036,,2.4772477,2.4935036,2.9933665,2.9769811,3.6938527,down,1,0.7026602,None,-3,297897,1,2025-09-10_21h45.41.966,Signal Detection,,2025.1.1,60.00200407,2025-09-10 21h45.42.960953 +0530
3,0,3,down,1,0.714757,None,3,3,0,3,0,3.7101333,,3.6939827,3.7101333,4.2102789,4.1948056,4.9104416,down,1,0.714757,None,3,297897,1,2025-09-10_21h45.41.966,Signal Detection,,2025.1.1,60.00200407,2025-09-10 21h45.42.960953 +0530
4,0,4,up,1,0.9065402,None,0,4,0,4,0,4.9267631,,4.9105813,4.9267631,5.426767,5.4102268,6.3268925,up,1,0.9065402,None,0,297897,1,2025-09-10_21h45.41.966,Signal Detection,,2025.1.1,60.00200407,2025-09-10 21h45.42.960953 +0530
5,0,5,down,1,0.9416645,None,4,5,0,5,0,6.3434476,,6.3270303,6.3434476,6.8435001,6.8276406,7.7772749,down,1,0.9416645,None,4,297897,1,2025-09-10_21h45.41.966,Signal Detection,,2025.1.1,60.00200407,2025-09-10 21h45.42.960953 +0530
6,0,6,down,1,0.6676544,None,-5,6,0,6,0,7.793435,,7.7774488,7.793435,8.2934793,8.276778,8.9602166,down,1,0.6676544,None,-5,297897,1,2025-09-10_21h45.41.966,Signal Detection,,2025.1.1,60.00200407,2025-09-10 21h45.42.960953 +0530
7,0,7,up,1,0.7553711,None,0,7,0,7,0,8.976358,,8.9604158,8.976358,9.4764897,9.4608781,10.2270851,up,1,0.7553711,None,0,297897,1,2025-09-10_21h45.41.966,Signal Detection,,2025.1.1,60.00200407,2025-09-10 21h45.42.960953 +0530
8,0,8,down,1,0.8957899,None,2,8,0,8,0,10.2441201,,10.2272563,10.2441201,10.7434029,10.7267283,11.6270597,down,1,0.8957899,None,2,297897,1,2025-09-10_21h45.41.966,Signal Detection,,2025.1.1,60.00200407,2025-09-10 21h45.42.960953 +0530
9,0,9,up,1,0.6657798,None,0,9,0,9,0,11.6431649,,11.6271769,11.6431649,12.1433909,12.1266269,12.7933588,up,1,0.6657798,None,0,297897,1,2025-09-10_21h45.41.966,Signal Detection,,2025.1.1,60.00200407,2025-09-10 21h45.42.960953 +0530
10,0,10,up,1,0.6871731,None,0,10,0,10,0,12.8106903,,12.7934766,12.8106903,13.3100804,13.2934272,13.9936468,up,1,0.6871731,None,0,297897,1,2025-09-10_21h45.41.966,Signal Detection,,2025.1.1,60.00200407,2025-09-10 21h45.42.960953 +0530
11,0,11,down,1,3.3831099,None,-5,11,0,11,0,14.0098488,,13.9937755,14.0098488,14.510061,14.493342,17.8777772,down,1,3.3831099,None,-5,297897,1,2025-09-10_21h45.41.966,Signal Detection,,2025.1.1,60.00200407,2025-09-10 21h45.42.960953 +0530
12,0,12,down,0,1.8291447,None,0,12,0,12,0,17.8942286,,17.8779295,17.8942286,18.4096253,18.3931507,20.2268822,down,0,1.8291447,None,0,297897,1,2025-09-10_21h45.41.966,Signal Detection,,2025.1.1,60.00200407,2025-09-10 21h45.42.960953 +0530
13,0,13,down,1,1.0182543,None,-3,13,0,13,0,20.2433804,,20.2270208,20.2433804,20.7432559,20.7265474,21.7601785,down,1,1.0182543,None,-3,297897,1,2025-09-10_21h45.41.966,Signal Detection,,2025.1.1,60.00200407,2025-09-10 21h45.42.960953 +0530
14,0,14,up,1,0.6902509,None,0,14,0,14,0,21.776433,,21.760293,21.776433,22.2766894,22.2601391,22.9600676,up,1,0.6902509,None,0,297897,1,2025-09-10_21h45.41.966,Signal Detection,,2025.1.1,60.00200407,2025-09-10 21h45.42.960953 +0530
15,0,15,up,1,0.6656123,None,0,15,0,15,0,22.9764643,,22.960185,22.9764643,23.4768432,23.4603685,24.126662,up,1,0.6656123,None,0,297897,1,2025-09-10_21h45.41.966,Signal Detection,,2025.1.1,60.00200407,2025-09-10 21h45.42.960953 +0530
16,0,16,down,1,1.4557936,None,-3,16,0,16,0,24.1431636,,24.1267927,24.1431636,24.6432781,24.6265388,26.093353,down,1,1.4557936,None,-3,297897,1,2025-09-10_21h45.41.966,Signal Detection,,2025.1.1,60.00200407,2025-09-10 21h45.42.960953 +0530
17,0,17,up,1,0.6900233,None,0,17,0,17,0,26.1097969,,26.0934699,26.1097969,26.6098929,26.5931989,27.2934597,up,1,0.6900233,None,0,297897,1,2025-09-10_21h45.41.966,Signal Detection,,2025.1.1,60.00200407,2025-09-10 21h45.42.960953 +0530
18,0,18,down,1,0.8312358,None,4,18,0,18,0,27.3097135,,27.2935966,27.3097135,27.8098586,27.7931457,28.6264629,down,1,0.8312358,None,4,297897,1,2025-09-10_21h45.41.966,Signal Detection,,2025.1.1,60.00200407,2025-09-10 21h45.42.960953 +0530
19,0,19,up,1,1.9702042,None,0,19,0,19,0,28.6431029,,28.6265981,28.6431029,29.1437584,29.1264907,31.1097289,up,1,1.9702042,None,0,297897,1,2025-09-10_21h45.41.966,Signal Detection,,2025.1.1,60.00200407,2025-09-10 21h45.42.960953 +0530
20,0,20,up,1,0.9035924,None,0,20,0,20,0,31.1264063,,31.1098488,31.1264063,31.6264386,31.60982,32.5266826,up,1,0.9035924,None,0,297897,1,2025-09-10_21h45.41.966,Signal Detection,,2025.1.1,60.00200407,2025-09-10 21h45.42.960953 +0530
21,0,21,down,1,1.2618819,None,-5,21,0,21,0,32.5436462,,32.5268366,32.5436462,33.0431078,33.0264105,34.2932958,down,1,1.2618819,None,-5,297897,1,2025-09-10_21h45.41.966,Signal Detection,,2025.1.1,60.00200407,2025-09-10 21h45.42.960953 +0530
22,0,22,down,1,0.6905677,None,3,22,0,22,0,34.3095658,,34.2934252,34.3095658,34.8097808,34.7931324,35.4933069,down,1,0.6905677,None,3,297897,1,2025-09-10_21h45.41.966,Signal Detection,,2025.1.1,60.00200407,2025-09-10 21h45.42.960953 +0530
23,0,23,up,0,1.0520364,None,-2,23,0,23,0,35.5095931,,35.4934395,35.5095931,36.0096919,35.9931125,37.0601602,up,0,1.0520364,None,-2,297897,1,2025-09-10_21h45.41.966,Signal Detection,,2025.1.1,60.00200407,2025-09-10 21h45.42.960953 +0530
24,0,24,up,1,0.6924823,None,0,24,0,24,0,37.0770588,,37.0603495,37.0770588,37.576061,37.5598053,38.259813,up,1,0.6924823,None,0,297897,1,2025-09-10_21h45.41.966,Signal Detection,,2025.1.1,60.00200407,2025-09-10 21h45.42.960953 +0530
25,0,25,up,1,0.6629054,None,0,25,0,25,0,38.2761631,,38.2599318,38.2761631,38.7763228,38.7596566,39.4264751,up,1,0.6629054,None,0,297897,1,2025-09-10_21h45.41.966,Signal Detection,,2025.1.1,60.00200407,2025-09-10 21h45.42.960953 +0530
26,0,26,up,1,0.646196,None,0,26,0,26,0,39.4426457,,39.4265961,39.4426457,39.942886,39.9263353,40.5764879,up,1,0.646196,None,0,297897,1,2025-09-10_21h45.41.966,Signal Detection,,2025.1.1,60.00200407,2025-09-10 21h45.42.960953 +0530
27,0,27,up,1,0.7279667,None,0,27,0,27,0,40.5925757,,40.5766062,40.5925757,41.0932127,41.0759831,41.8100203,up,1,0.7279667,None,0,297897,1,2025-09-10_21h45.41.966,Signal Detection,,2025.1.1,60.00200407,2025-09-10 21h45.42.960953 +0530
28,0,28,up,1,0.7094864,None,0,28,0,28,0,41.8260836,,41.8101436,41.8260836,42.3262715,42.3095882,43.0265797,up,1,0.7094864,None,0,297897,1,2025-09-10_21h45.41.966,Signal Detection,,2025.1.1,60.00200407,2025-09-10 21h45.42.960953 +0530
29,0,29,up,0,0.7231016,None,1,29,0,29,0,43.0428646,,43.0267184,43.0428646,43.5429291,43.5261315,44.2596846,up,0,0.7231016,None,1,297897,1,2025-09-10_21h45.41.966,Signal Detection,,2025.1.1,60.00200407,2025-09-10 21h45.42.960953 +0530
30,0,30,down,1,0.6900498,None,4,30,0,30,0,44.2761369,,44.2598179,44.2761369,44.7762251,44.7596248,45.4598401,down,1,0.6900498,None,4,297897,1,2025-09-10_21h45.41.966,Signal Detection,,2025.1.1,60.00200407,2025-09-10 21h45.42.960953 +0530
31,0,31,up,1,0.730879,None,0,31,0,31,0,45.4760853,,45.4599833,45.4760853,45.9757554,45.9595209,46.6929664,up,1,0.730879,None,0,297897,1,2025-09-10_21h45.41.966,Signal Detection,,2025.1.1,60.00200407,2025-09-10 21h45.42.960953 +0530
32,0,32,up,1,0.7029118,None,0,32,0,32,0,46.709478,,46.6930883,46.709478,47.2102355,47.1928629,47.909877,up,1,0.7029118,None,0,297897,1,2025-09-10_21h45.41.966,Signal Detection,,2025.1.1,60.00200407,2025-09-10 21h45.42.960953 +0530
33,0,33,down,1,0.8075597,None,-3,33,0,33,0,47.926089,,47.9100067,47.926089,48.4260961,48.4095786,49.2264445,down,1,0.8075597,None,-3,297897,1,2025-09-10_21h45.41.966,Signal Detection,,2025.1.1,60.00200407,2025-09-10 21h45.42.960953 +0530
34,0,34,down,1,0.9132466,None,3,34,0,34,0,49.2427518,,49.226578,49.2427518,49.7428841,49.7261274,50.6430521,down,1,0.9132466,None,3,297897,1,2025-09-10_21h45.41.966,Signal Detection,,2025.1.1,60.00200407,2025-09-10 21h45.42.960953 +0530
35,0,35,down,1,0.6927828,None,-4,35,0,35,0,50.6593943,,50.6431834,50.6593943,51.1594072,51.142872,51.8431517,down,1,0.6927828,None,-4,297897,1,2025-09-10_21h45.41.966,Signal Detection,,2025.1.1,60.00200407,2025-09-10 21h45.42.960953 +0530
36,0,36,up,1,0.7023219,None,0,36,0,36,0,51.859391,,51.8432749,51.859391,52.3594748,52.3427322,53.0596615,up,1,0.7023219,None,0,297897,1,2025-09-10_21h45.41.966,Signal Detection,,2025.1.1,60.00200407,2025-09-10 21h45.42.960953 +0530
37,0,37,down,1,0.7699061,None,-5,37,0,37,0,53.0757902,,53.0597967,53.0757902,53.5760639,53.5594492,54.3432466,down,1,0.7699061,None,-5,297897,1,2025-09-10_21h45.41.966,Signal Detection,,2025.1.1,60.00200407,2025-09-10 21h45.42.960953 +0530
38,0,38,down,0,0.809782,None,0,38,0,38,0,54.3595341,,54.3433687,54.3595341,54.8592727,54.8427611,55.6595538,down,0,0.809782,None,0,297897,1,2025-09-10_21h45.41.966,Signal Detection,,2025.1.1,60.00200407,2025-09-10 21h45.42.960953 +0530
39,0,39,up,0,0.7652635,None,1,39,0,39,0,55.6759474,,55.6596836,55.6759474,56.176043,56.1594186,56.9261125,up,0,0.7652635,None,1,297897,1,2025-09-10_21h45.41.966,Signal Detection,,2025.1.1,60.00200407,2025-09-10 21h45.42.960953 +0530
40,0,40,up,1,2.8269099,None,0,40,0,40,0,56.9425966,,56.9262295,56.9425966,57.4425482,57.4260265,60.2596137,up,1,2.8269099,None,0,297897,1,2025-09-10_21h45.41.966,Signal Detection,,2025.1.1,60.00200407,2025-09-10 21h45.42.960953 +0530
41,0,41,up,1,0.9060303,None,0,41,0,41,0,60.2758379,,60.2597365,60.2758379,60.7759598,60.7593507,61.6762352,up,1,0.9060303,None,0,297897,1,2025-09-10_21h45.41.966,Signal Detection,,2025.1.1,60.00200407,2025-09-10 21h45.42.960953 +0530
42,0,42,down,1,0.7447102,None,2,42,0,42,0,61.6926162,,61.6763722,61.6926162,62.1926494,62.1757842,62.9261865,down,1,0.7447102,None,2,297897,1,2025-09-10_21h45.41.966,Signal Detection,,2025.1.1,60.00200407,2025-09-10 21h45.42.960953 +0530
43,0,43,down,1,2.2079641,None,-3,43,0,43,0,62.9425206,,62.9263181,62.9425206,63.4425739,63.4259371,65.6427924,down,1,2.2079641,None,-3,297897,1,2025-09-10_21h45.41.966,Signal Detection,,2025.1.1,60.00200407,2025-09-10 21h45.42.960953 +0530
44,0,44,down,0,1.0192988,None,0,44,0,44,0,65.659113,,65.6429134,65.659113,66.159177,66.142612,67.1762341,down,0,1.0192988,None,0,297897,1,2025-09-10_21h45.41.966,Signal Detection,,2025.1.1,60.00200407,2025-09-10 21h45.42.960953 +0530
45,0,45,up,1,0.7970541,None,0,45,0,45,0,67.1924912,,67.176357,67.1924912,67.6927218,67.6759577,68.4759735,up,1,0.7970541,None,0,297897,1,2025-09-10_21h45.41.966,Signal Detection,,2025.1.1,60.00200407,2025-09-10 21h45.42.960953 +0530
46,0,46,up,1,0.6370473,None,0,46,0,46,0,68.492433,,68.4760924,68.492433,68.9925072,68.9758028,69.6256899,up,1,0.6370473,None,0,297897,1,2025-09-10_21h45.41.966,Signal Detection,,2025.1.1,60.00200407,2025-09-10 21h45.42.960953 +0530
47,0,47,up,1,0.6477119,None,0,47,0,47,0,69.6424458,,69.625844,69.6424458,70.1425629,70.1258858,70.7760544,up,1,0.6477119,None,0,297897,1,2025-09-10_21h45.41.966,Signal Detection,,2025.1.1,60.00200407,2025-09-10 21h45.42.960953 +0530
48,0,48,down,1,0.8832203,None,4,48,0,48,0,70.7923306,,70.7763577,70.7923306,71.2925954,71.2765431,72.1759989,down,1,0.8832203,None,4,297897,1,2025-09-10_21h45.41.966,Signal Detection,,2025.1.1,60.00200407,2025-09-10 21h45.42.960953 +0530
49,0,49,up,0,0.6993246,None,-3,49,0,49,0,72.1924613,,72.1761351,72.1924613,72.6924723,72.6757861,73.375733,up,0,0.6993246,None,-3,297897,1,2025-09-10_21h45.41.966,Signal Detection,,2025.1.1,60.00200407,2025-09-10 21h45.42.960953 +0530
50,0,50,down,1,1.5724674,None,4,50,0,50,0,73.3923214,,73.3758633,73.3923214,73.8925005,73.8756466,75.4591829,down,1,1.5724674,None,4,297897,1,2025-09-10_21h45.41.966,Signal Detection,,2025.1.1,60.00200407,2025-09-10 21h45.42.960953 +0530
51,0,51,down,0,1.7987803,None,0,51,0,51,0,75.4763892,,75.4593064,75.4763892,75.9757129,75.9591229,77.7590177,down,0,1.7987803,None,0,297897,1,2025-09-10_21h45.41.966,Signal Detection,,2025.1.1,60.00200407,2025-09-10 21h45.42.960953 +0530
52,0,52,down,1,1.1628618,None,-3,52,0,52,0,77.7753696,,77.759156,77.7753696,78.2756745,78.2593829,79.4272483,down,1,1.1628618,None,-3,297897,1,2025-09-10_21h45.41.966,Signal Detection,,2025.1.1,60.00200407,2025-09-10 21h45.42.960953 +0530
53,0,53,up,0,0.6764923,None,-2,53,0,53,0,79.4421033,,79.4273791,79.4421033,79.9424225,79.9256633,80.609095,up,0,0.6764923,None,-2,297897,1,2025-09-10_21h45.41.966,Signal Detection,,2025.1.1,60.00200407,2025-09-10 21h45.42.960953 +0530
54,0,54,up,0,1.5316421,None,1,54,0,54,0,80.6253688,,80.6092237,80.6253688,81.1256558,81.1090164,82.6422027,up,0,1.5316421,None,1,297897,1,2025-09-10_21h45.41.966,Signal Detection,,2025.1.1,60.00200407,2025-09-10 21h45.42.960953 +0530
55,0,55,up,1,0.6020823,None,0,55,0,55,0,82.6589612,,82.6423216,82.6589612,83.1590276,83.1421614,83.7591558,up,1,0.6020823,None,0,297897,1,2025-09-10_21h45.41.966,Signal Detection,,2025.1.1,60.00200407,2025-09-10 21h45.42.960953 +0530
56,0,56,up,1,0.5442037,None,0,56,0,56,0,83.7753138,,83.759271,83.7753138,84.2755247,84.2589805,84.8091231,up,1,0.5442037,None,0,297897,1,2025-09-10_21h45.41.966,Signal Detection,,2025.1.1,60.00200407,2025-09-10 21h45.42.960953 +0530
57,0,57,up,0,0.6201245,None,-3,57,0,57,0,84.8253188,,84.8092551,84.8253188,85.3251474,85.3086299,85.9423822,up,0,0.6201245,None,-3,297897,1,2025-09-10_21h45.41.966,Signal Detection,,2025.1.1,60.00200407,2025-09-10 21h45.42.960953 +0530
58,0,58,down,1,0.8462277,None,-4,58,0,58,0,85.9593631,,85.9426258,85.9593631,86.4590026,86.4432816,87.2923608,down,1,0.8462277,None,-4,297897,1,2025-09-10_21h45.41.966,Signal Detection,,2025.1.1,60.00200407,2025-09-10 21h45.42.960953 +0530
59,0,59,up,1,2.4773692,None,0,59,0,59,0,87.3085428,,87.2925267,87.3085428,87.8094658,87.7926992,90.2753444,up,1,2.4773692,None,0,297897,1,2025-09-10_21h45.41.966,Signal Detection,,2025.1.1,60.00200407,2025-09-10 21h45.42.960953 +0530
60,0,60,down,1,0.9119414,None,3,60,0,60,0,90.2922671,,90.2754757,90.2922671,90.7921673,90.7755234,91.6924007,down,1,0.9119414,None,3,297897,1,2025-09-10_21h45.41.966,Signal Detection,,2025.1.1,60.00200407,2025-09-10 21h45.42.960953 +0530
61,0,61,up,1,1.7597161,None,0,61,0,61,0,91.7085319,,91.6925377,91.7085319,92.2096586,92.1920544,93.959118,up,1,1.7597161,None,0,297897,1,2025-09-10_21h45.41.966,Signal Detection,,2025.1.1,60.00200407,2025-09-10 21h45.42.960953 +0530
62,0,62,up,1,0.6531215,None,0,62,0,62,0,93.9752118,,93.9592435,93.9752118,94.4754039,94.4588078,95.125767,up,1,0.6531215,None,0,297897,1,2025-09-10_21h45.41.966,Signal Detection,,2025.1.1,60.00200407,2025-09-10 21h45.42.960953 +0530
63,0,63,up,1,0.7469731,None,0,63,0,63,0,95.1418783,,95.1258886,95.1418783,95.6422553,95.6254589,96.3755575,up,1,0.7469731,None,0,297897,1,2025-09-10_21h45.41.966,Signal Detection,,2025.1.1,60.00200407,2025-09-10 21h45.42.960953 +0530
64,0,64,up,1,0.6368473,None,0,64,0,64,0,96.3920565,,96.3756755,96.3920565,96.892148,96.8754429,97.5255699,up,1,0.6368473,None,0,297897,1,2025-09-10_21h45.41.966,Signal Detection,,2025.1.1,60.00200407,2025-09-10 21h45.42.960953 +0530
65,0,65,up,1,0.601239,None,0,65,0,65,0,97.5416764,,97.5256908,97.5416764,98.0421474,98.0254382,98.6424458,up,1,0.601239,None,0,297897,1,2025-09-10_21h45.41.966,Signal Detection,,2025.1.1,60.00200407,2025-09-10 21h45.42.960953 +0530
66,0,66,up,1,0.6303584,None,0,66,0,66,0,98.6603936,,98.642589,98.6603936,99.175418,99.1420866,99.7756179,up,1,0.6303584,None,0,297897,1,2025-09-10_21h45.41.966,Signal Detection,,2025.1.1,60.00200407,2025-09-10 21h45.42.960953 +0530
67,0,67,up,1,0.5754384,None,0,67,0,67,0,99.7918556,,99.7757383,99.7918556,100.292091,100.27528,100.8589938,up,1,0.5754384,None,0,297897,1,2025-09-10_21h45.41.966,Signal Detection,,2025.1.1,60.00200407,2025-09-10 21h45.42.960953 +0530
68,0,68,up,0,1.0811347,None,-2,68,0,68,0,100.8753379,,100.8591326,100.8753379,101.3752372,101.3587338,102.4419515,up,0,1.0811347,None,-2,297897,1,2025-09-10_21h45.41.966,Signal Detection,,2025.1.1,60.00200407,2025-09-10 21h45.42.960953 +0530
69,0,69,down,0,0.8898411,None,0,69,0,69,0,102.4585291,,102.4420728,102.4585291,102.9591124,102.9417197,103.8422438,down,0,0.8898411,None,0,297897,1,2025-09-10_21h45.41.966,Signal Detection,,2025.1.1,60.00200407,2025-09-10 21h45.42.960953 +0530
70,0,70,up,0,0.8258552,None,-2,70,0,70,0,103.8585779,,103.8423807,103.8585779,104.3587155,104.3420228,105.1753781,up,0,0.8258552,None,-2,297897,1,2025-09-10_21h45.41.966,Signal Detection,,2025.1.1,60.00200407,2025-09-10 21h45.42.960953 +0530
71,0,71,up,1,0.7842626,None,0,71,0,71,0,105.191883,,105.1755077,105.191883,105.6925969,105.6752605,106.4754779,up,1,0.7842626,None,0,297897,1,2025-09-10_21h45.41.966,Signal Detection,,2025.1.1,60.00200407,2025-09-10 21h45.42.960953 +0530
72,0,72,down,1,0.6739362,None,3,72,0,72,0,106.491864,,106.4756106,106.491864,106.992873,106.9751471,107.659039,down,1,0.6739362,None,3,297897,1,2025-09-10_21h45.41.966,Signal Detection,,2025.1.1,60.00200407,2025-09-10 21h45.42.960953 +0530
73,0,73,down,1,1.0293572,None,-4,73,0,73,0,107.675551,,107.6591917,107.675551,108.1751649,108.1586281,109.1918658,down,1,1.0293572,None,-4,297897,1,2025-09-10_21h45.41.966,Signal Detection,,2025.1.1,60.00200407,2025-09-10 21h45.42.960953 +0530
74,0,74,down,0,1.2867723,None,0,74,0,74,0,109.2085179,,109.1919838,109.2085179,109.7085336,109.6916253,110.9921132,down,0,1.2867723,None,0,297897,1,2025-09-10_21h45.41.966,Signal Detection,,2025.1.1,60.00200407,2025-09-10 21h45.42.960953 +0530
75,0,75,up,1,0.7969717,None,0,75,0,75,0,111.0084785,,110.9922341,111.0084785,111.5084403,111.4919069,112.2920954,up,1,0.7969717,None,0,297897,1,2025-09-10_21h45.41.966,Signal Detection,,2025.1.1,60.00200407,2025-09-10 21h45.42.960953 +0530
76,0,76,up,1,0.7727553,None,0,76,0,76,0,112.3084754,,112.2922187,112.3084754,112.808352,112.792595,113.5749977,up,1,0.7727553,None,0,297897,1,2025-09-10_21h45.41.966,Signal Detection,,2025.1.1,60.00200407,2025-09-10 21h45.42.960953 +0530
77,0,77,up,1,0.7911098,None,0,77,0,77,0,113.5916007,,113.5751179,113.5916007,114.0918467,114.0749924,114.8751175,up,1,0.7911098,None,0,297897,1,2025-09-10_21h45.41.966,Signal Detection,,2025.1.1,60.00200407,2025-09-10 21h45.42.960953 +0530
78,0,78,down,1,0.5949096,None,4,78,0,78,0,114.8924725,,114.8752467,114.8924725,115.3917435,115.3751876,115.9758424,down,1,0.5949096,None,4,297897,1,2025-09-10_21h45.41.966,Signal Detection,,2025.1.1,60.00200407,2025-09-10 21h45.42.960953 +0530
79,0,79,up,1,1.0234954,None,0,79,0,79,0,115.99173,,115.9759572,115.99173,116.4915699,116.4750335,117.5087048,up,1,1.0234954,None,0,297897,1,2025-09-10_21h45.41.966,Signal Detection,,2025.1.1,60.00200407,2025-09-10 21h45.42.960953 +0530
80,0,80,up,0,0.7203071,None,-2,80,0,80,0,117.5249259,,117.508836,117.5249259,118.0248825,118.0085031,118.7418803,up,0,0.7203071,None,-2,297897,1,2025-09-10_21h45.41.966,Signal Detection,,2025.1.1,60.00200407,2025-09-10 21h45.42.960953 +0530
81,0,81,down,0,0.7326555,None,0,81,0,81,0,118.7583596,,118.7420058,118.7583596,119.2585206,119.2418343,119.9756875,down,0,0.7326555,None,0,297897,1,2025-09-10_21h45.41.966,Signal Detection,,2025.1.1,60.00200407,2025-09-10 21h45.42.960953 +0530
82,0,82,up,1,0.8117008,None,0,82,0,82,0,119.9916678,,119.9758155,119.9916678,120.4916657,120.4750529,121.2919256,up,1,0.8117008,None,0,297897,1,2025-09-10_21h45.41.966,Signal Detection,,2025.1.1,60.00200407,2025-09-10 21h45.42.960953 +0530
83,0,83,up,1,0.7850072,None,0,83,0,83,0,121.3082895,,121.2920391,121.3082895,121.8083882,121.7917168,122.5914724,up,1,0.7850072,None,0,297897,1,2025-09-10_21h45.41.966,Signal Detection,,2025.1.1,60.00200407,2025-09-10 21h45.42.960953 +0530
84,0,84,up,1,0.5089679,None,0,84,0,84,0,122.6082848,,122.5915951,122.6082848,123.1080557,123.0918614,123.6087465,up,1,0.5089679,None,0,297897,1,2025-09-10_21h45.41.966,Signal Detection,,2025.1.1,60.00200407,2025-09-10 21h45.42.960953 +0530
85,0,85,up,1,0.6625075,None,0,85,0,85,0,123.6248369,,123.6088721,123.6248369,124.1249783,124.1083747,124.7751827,up,1,0.6625075,None,0,297897,1,2025-09-10_21h45.41.966,Signal Detection,,2025.1.1,60.00200407,2025-09-10 21h45.42.960953 +0530
86,0,86,up,1,0.6000264,None,0,86,0,86,0,124.7916177,,124.7753037,124.7916177,125.2915771,125.275,125.8754203,up,1,0.6000264,None,0,297897,1,2025-09-10_21h45.41.966,Signal Detection,,2025.1.1,60.00200407,2025-09-10 21h45.42.960953 +0530
87,0,87,down,1,0.8115801,None,-5,87,0,87,0,125.8915995,,125.8755624,125.8915995,126.3925904,126.3749376,127.1919009,down,1,0.8115801,None,-5,297897,1,2025-09-10_21h45.41.966,Signal Detection,,2025.1.1,60.00200407,2025-09-10 21h45.42.960953 +0530
88,0,88,up,1,1.0489878,None,0,88,0,88,0,127.2082865,,127.1920182,127.2082865,127.7083249,127.6915953,128.742158,up,1,1.0489878,None,0,297897,1,2025-09-10_21h45.41.966,Signal Detection,,2025.1.1,60.00200407,2025-09-10 21h45.42.960953 +0530
89,0,89,down,0,1.0365491,None,0,89,0,89,0,128.7582259,,128.7422844,128.7582259,129.2582362,129.2415373,130.2918695,down,0,1.0365491,None,0,297897,1,2025-09-10_21h45.41.966,Signal Detection,,2025.1.1,60.00200407,2025-09-10 21h45.42.960953 +0530
90,0,90,down,1,0.7470463,None,3,90,0,90,0,130.3082011,,130.2919968,130.3082011,130.8082597,130.7915846,131.5417916,down,1,0.7470463,None,3,297897,1,2025-09-10_21h45.41.966,Signal Detection,,2025.1.1,60.00200407,2025-09-10 21h45.42.960953 +0530
91,0,91,up,1,1.0000549,None,0,91,0,91,0,131.5581614,,131.5419057,131.5581614,132.0582406,132.0415699,133.0420651,up,1,1.0000549,None,0,297897,1,2025-09-10_21h45.41.966,Signal Detection,,2025.1.1,60.00200407,2025-09-10 21h45.42.960953 +0530
92,0,92,down,1,0.8114352,None,1,92,0,92,0,133.0581051,,133.0422498,133.0581051,133.5581568,133.5414697,134.3584809,down,1,0.8114352,None,1,297897,1,2025-09-10_21h45.41.966,Signal Detection,,2025.1.1,60.00200407,2025-09-10 21h45.42.960953 +0530
93,0,93,down,0,1.9860889,None,0,93,0,93,0,134.3746573,,134.3586051,134.3746573,134.8747675,134.858188,136.8583955,down,0,1.9860889,None,0,297897,1,2025-09-10_21h45.41.966,Signal Detection,,2025.1.1,60.00200407,2025-09-10 21h45.42.960953 +0530
94,0,94,down,1,0.6306815,None,4,94,0,94,0,136.8746202,,136.8585243,136.8746202,137.3747823,137.3583139,137.9916932,down,1,0.6306815,None,4,297897,1,2025-09-10_21h45.41.966,Signal Detection,,2025.1.1,60.00200407,2025-09-10 21h45.42.960953 +0530
95,0,95,down,1,0.9255717,None,-5,95,0,95,0,138.0079457,,137.9918312,138.0079457,138.508038,138.4914971,139.4245327,down,1,0.9255717,None,-5,297897,1,2025-09-10_21h45.41.966,Signal Detection,,2025.1.1,60.00200407,2025-09-10 21h45.42.960953 +0530
96,0,96,up,1,0.7670926,None,0,96,0,96,0,139.4415926,,139.424656,139.4415926,139.9413627,139.9246959,140.6920522,up,1,0.7670926,None,0,297897,1,2025-09-10_21h45.41.966,Signal Detection,,2025.1.1,60.00200407,2025-09-10 21h45.42.960953 +0530
97,0,97,down,1,1.052043,None,-4,97,0,97,0,140.7080591,,140.6921977,140.7080591,141.2082961,141.2082961,142.2750016,down,1,1.052043,None,-4,297897,1,2025-09-10_21h45.41.966,Signal Detection,,2025.1.1,60.00200407,2025-09-10 21h45.42.960953 +0530
98,0,98,down,1,1.6396176,None,-3,98,0,98,0,142.2913176,,142.2751395,142.2913176,142.791452,142.7747196,144.4251435,down,1,1.6396176,None,-3,297897,1,2025-09-10_21h45.41.966,Signal Detection,,2025.1.1,60.00200407,2025-09-10 21h45.42.960953 +0530
99,0,99,up,1,0.6686706,None,0,99,0,99,0,144.4409502,,144.4252688,144.4409502,144.9413649,144.9252458,145.6080044,up,1,0.6686706,None,0,297897,1,2025-09-10_21h45.41.966,Signal Detection,,2025.1.1,60.00200407,2025-09-10 21h45.42.960953 +0530
,,,,,,,,,,,,,,,,,,,,,,,,,,,,,,,
,,Signal,Noise,,Signal = no tilt,,,Signal,Noise,,,,,,,,,,,,,,,,,,,,,,
,Up,48,10,,Noise = tilt,,Up,Hit,FA,,,,,,,,,,,,,,,,,,,,,,
,Down,9,33,,,,Down,Miss,CR,,,,,,,,,,,,,,,,,,,,,,
,Total,57,43,,,,,,,,,,,,,,,,,,,,,,,,,,,,
,,,,,,,,,,,,,,,,,,,,,,,,,,,,,,,
,Proportion of hits,0.842105263,,,,,,,,,,,,,,,,,,,,,,,,,,,,,
,Proportion of false alarms,0.23255814,,,,,,,,,,,,,,,,,,,,,,,,,,,,,
,,,,,,,,,,,,,,,,,,,,,,,,,,,,,,,
,d',1.733596145,,,,,,,,,,,,,,,,,,,,,,,,,,,,,
,c,0.136349895,,,,,,,,,,,,,,,,,,,,,,,,,,,,,
