Raw Data:-,,,,Congruent,Incongruent
C RTs,I RTs,,Mean,610.4825465,729.4177107
0.5581101,0.6968007,,Std deviation,236.6721883,328.2454469
0.5272608,0.8882088,,Std error,23.66721883,32.82454469
0.5751123,0.6455637,,,,
0.4175215,0.4501833,,t-test,5.44E-05,
0.4993038,0.4718994,,,,
0.5429955,0.3938152,,,,
0.5019251,0.4283001,,,,
0.5114089,0.7227944,,,,
0.5280714,0.5522446,,,,
0.640514,0.786048,,,,
0.734286,0.9989731,,,,
0.5225906,0.8342097,,,,
0.5539283,0.4473192,,,,
0.5175395,0.4672423,,,,
0.4984248,0.7183569,,,,
0.5287049,0.8714884,,,,
0.6429504,0.6379257,,,,
1.022626,0.8680165,,,,
0.5269281,0.5604673,,,,
0.7931425,0.8535387,,,,
0.5523322,0.6751963,,,,
0.7890152,0.837916,,,,
0.4564412,0.421884,,,,
0.4870341,0.3770351,,,,
0.6134533,0.5053061,,,,
0.5303332,0.733646,,,,
0.6290695,0.6804484,,,,
0.8516562,0.6307824,,,,
1.3844518,0.8397446,,,,
0.5810098,0.5084622,,,,
1.0658742,0.6305822,,,,
0.5354206,0.5789611,,,,
0.6404896,0.9573286,,,,
1.1160551,0.6254442,,,,
0.6501026,0.9202289,,,,
0.606489,0.8858031,,,,
0.5523059,0.6711038,,,,
0.5641629,1.2523654,,,,
0.5814638,0.6655338,,,,
0.6157457,0.5673113,,,,
0.5359875,2.1346218,,,,
0.3827767,0.9470137,,,,
0.455644,0.4564909,,,,
1.8770603,0.5686466,,,,
0.4642994,0.5698378,,,,
0.3339369,0.4672575,,,,
0.5080221,0.4997804,,,,
0.4852463,0.578169,,,,
0.5305584,0.5157378,,,,
0.5198287,0.5276047,,,,
0.6401189,0.5682576,,,,
0.7497347,0.9540691,,,,
0.7758659,0.6230915,,,,
0.5877093,0.6170523,,,,
0.4726239,0.5187784,,,,
0.4682852,0.3785401,,,,
0.4448639,0.8394592,,,,
0.3964829,0.5422614,,,,
0.4709265,0.632599,,,,
0.4542554,0.6897358,,,,
0.4830256,0.689898,,,,
0.9995596,2.5481465,,,,
0.583487,0.5389759,,,,
0.552051,0.5616798,,,,
0.5222771,0.7162299,,,,
0.4466239,0.5869375,,,,
1.5393288,0.7153303,,,,
0.4749141,0.5902509,,,,
1.3795694,0.6208622,,,,
1.4004331,0.6441499,,,,
0.4530425,0.8416931,,,,
0.5855326,0.6251822,,,,
0.6381977,0.8199326,,,,
0.5066033,0.7953205,,,,
0.4758053,0.923841,,,,
0.6100679,0.4842833,,,,
0.4919316,0.4823236,,,,
0.4941701,1.9350791,,,,
0.7479014,0.9732843,,,,
0.5270164,0.7283667,,,,
0.5278768,0.7798836,,,,
0.5071505,3.0240401,,,,
1.611154,0.5289067,,,,
0.4943217,1.1293245,,,,
0.8171235,1.0137744,,,,
0.523879,0.5900051,,,,
0.6509898,0.8447321,,,,
0.543348,0.6199751,,,,
0.5516211,0.7166356,,,,
0.5177406,0.765278,,,,
0.4798915,0.3867386,,,,
0.7063976,0.5832243,,,,
0.5610412,0.422764,,,,
0.7356791,0.5083644,,,,
0.5705268,1.0160458,,,,
0.5662316,0.9208792,,,,
0.5097683,0.3700897,,,,
0.6588535,1.0148073,,,,
0.4480223,0.8300513,,,,
0.3687635,0.5151128,,,,
0.3771596,0.5404917,,,,
0.4875028,0.5827794,,,,
0.6375018,0.9399676,,,,
0.4938726,0.6385769,,,,
0.5839508,0.6080454,,,,
0.5372646,1.1267898,,,,
0.6761597,0.7322252,,,,
0.5870816,0.5823353,,,,
0.3602413,0.556514,,,,
0.4062031,0.8172077,,,,
0.5639549,0.5790732,,,,
0.7728821,0.9366643,,,,
0.5159555,0.5612687,,,,
0.5398744,0.7730038,,,,
0.5284154,1.1390142,,,,
0.5886302,0.6140956,,,,
0.533325,0.5510948,,,,
0.6579117,0.799622,,,,
0.6601581,0.7667225,,,,
0.3509826,0.669683,,,,
0.5436341,0.7528298,,,,
0.607943,0.4591964,,,,
0.5238767,0.5916368,,,,
0.5794787,0.6841044,,,,
0.5303277,0.5601445,,,,
0.5243694,0.610503,,,,
0.4273432,0.4493678,,,,
0.4978433,0.4982929,,,,
0.613226,0.7419424,,,,
0.5241887,0.8166056,,,,
0.7077728,0.5244283,,,,
0.5273509,0.6838189,,,,
0.8101458,0.5326678,,,,
0.5943659,0.6316703,,,,
0.4002569,1.0538022,,,,
0.4664937,0.6718855,,,,
0.5506078,1.5553677,,,,
0.5095698,0.7095693,,,,
1.2387208,0.4980331,,,,
0.5166185,0.6781561,,,,
0.5727534,0.6628617,,,,
0.5631624,0.7242888,,,,
0.5198368,1.0156759,,,,
0.6460897,1.0156094,,,,
0.5543607,1.1159209,,,,
0.5070019,1.5885823,,,,
0.4488397,0.839995,,,,
0.602241,1.0519455,,,,
1.0908599,0.7228521,,,,
0.4384852,0.8908485,,,,
0.5327008,1.5113705,,,,
0.4646849,0.6364629,,,,
0.5332408,0.4651919,,,,
0.876197,0.4896114,,,,
0.4822819,0.4778108,,,,
0.4994705,0.4821758,,,,
0.5248129,0.5830043,,,,
0.567662,0.8232764,,,,
0.6640045,0.998018,,,,
0.6993316,0.8208408,,,,
0.5119427,0.5808651,,,,
0.8341479,0.8301996,,,,
0.67305,0.6661483,,,,
0.9235488,0.5395262,,,,
0.4459179,0.6875153,,,,
0.5619456,0.8399378,,,,
0.5117866,0.8002573,,,,
0.633519,0.5141118,,,,
1.6328399,0.8730138,,,,
0.5157191,0.4448669,,,,
0.6188142,0.8827243,,,,
0.5881363,0.4893526,,,,
0.6105308,0.683191,,,,
0.5250139,0.6584333,,,,
0.5499345,0.6829184,,,,
0.577589,0.6901599,,,,
0.5032938,0.5786812,,,,
0.5710383,0.9922062,,,,
0.54821,0.4333716,,,,
0.5624109,1.1583828,,,,
0.6015044,0.5924276,,,,
0.4126028,0.3785181,,,,
0.5152899,0.615014,,,,
0.535432,0.5788621,,,,
0.5304977,0.3935947,,,,
0.5193034,0.4907614,,,,
0.4803753,0.3791703,,,,
1.5433458,0.5117038,,,,
0.5274866,0.6391215,,,,
0.4138053,0.8493394,,,,
0.5213403,0.540827,,,,
0.3915381,0.5501731,,,,
0.5762488,0.7400921,,,,
0.4990272,0.6685263,,,,
0.8660907,0.5726315,,,,
0.5751869,0.7658178,,,,
0.4996167,0.9774201,,,,
0.5949589,,,,,
0.4319841,,,,,
0.55791,,,,,
